Parameter,Past Average (2005-2025),Future Forecast (2026-2040),Change,Percentage Change (%)
Temperature at 2 Meters Maximum ©,29.375019651149298,29.916350177706363,0.5413305265570649,1.842826091644454
Temperature at 2 Meters Minimum ©,22.28087482764086,22.59928581151054,0.31841098386967914,1.4290775668945896
Precipitation (mm/day),290.70690476190475,446.90418513057415,156.1972803686694,53.73015838636456
Relative Huminidity,78.91551666429147,80.72569967088748,1.8101830065960058,2.2938239310990873
Temperature at 2 Meters Range ©,7.094144823508441,7.1747930204481465,0.08064819693970549,1.1368276084871434
